{"cameraMode":{"drawMode":0,"name":"Shaded","section":"Shading Mode"},"sceneLighting":true,"audioPlay":false,"sceneViewState":{"m_AlwaysRefresh":false,"showFog":true,"showSkybox":false,"showFlares":true,"showImageEffects":true,"showParticleSystems":true,"showVisualEffectGraphs":true,"m_FxEnabled":true},"in2DMode":false,"pivot":{"x":12.134000778198243,"y":1.1540002822875977,"z":-5.036242485046387},"rotation":{"x":-0.00536437937989831,"y":0.9740428328514099,"z":0.021538209170103074,"w":0.22600477933883668},"size":66.67005157470703,"orthographic":false}